2	1	64	129	0.0496736413136842741499462022043	-0.0242231882234334812139258146285	0s
3	1	64	193	0.0545078762991656763000097460073	-0.00511911379025027473861884542975	0s
3	2	64	194	0.0550179089829124704627106015623	-0.023580798279562930517741510794	0s
4	1	64	257	0.0537194217277605464899338815094	0.00745231481896836847775400051151	1s
4	3	64	259	0.054722995640481293681975425389	-0.0264016352258870751150872971071	1s
5	1	64	321	0.0511177789925774938385348294111	0.0159709497852286293441797410391	1s
5	2	64	322	0.0599133292905517086860674591034	-0.0104629756300374608798875885448	1s
5	3	64	323	0.0603202805269174149420181066513	-0.00454999496958026414982470882275	1s
5	4	64	324	0.0526084126793143815125870835157	-0.0292065995233931398621627947788	1s
2	1	128	257	0.0496917282350029376801521980614	-0.0241307622557696118204966148218	1s
3	1	128	385	0.0545261047455003804060557650234	-0.00511111797751915970223410685673	2s
3	2	128	386	0.0550333787081486856936568133946	-0.0235644971811664250047461622699	2s
4	1	128	513	0.0537342103646409379547664437075	0.00744184645518328641791411510581	3s
4	3	128	515	0.0547366476464796398695908751153	-0.0264001691030261783316760293718	3s
5	1	128	641	0.0511285349233825811490455375263	0.0159568938888321613331359163901	4s
5	2	128	642	0.0599234413249312356105608637999	-0.0104780919618881122085791960036	5s
5	3	128	643	0.0603328268668968803772574905434	-0.00456431154121432861450663803353	4s
5	4	128	644	0.052621469732800046784646935502	-0.0292071987530312568138877261393	5s
2	1	256	513	0.0496932628208948276706589390939	-0.0240308801732442607819257002997	3s
3	1	256	769	0.0545288765585362745968464359853	-0.00507515216765491619701582622922	7s
3	2	256	770	0.0550356174960164093207682747879	-0.0235265725628986954973131522552	7s
4	1	256	1025	0.053736694623795345498671462908	0.00745826621784564520588468913498	12s
4	3	256	1027	0.054739067359716229843689795061	-0.0263808899563664779306303961433	12s
2	1	256	513	0.0496932628208948276706589390939	-0.0240308801732442607819257002997	3s
3	1	256	769	0.0545288765585362745968464359853	-0.00507515216765491619701582622922	6s
4	1	256	1025	0.053736694623795345498671462908	0.00745826621784564520588468913498	11s
3	2	256	770	0.0550356174960164093207682747879	-0.0235265725628986954973131522552	7s
5	1	256	1281	0.0511303429670108068575762192659	0.0159655433566136903870080238036	19s
4	3	256	1027	0.054739067359716229843689795061	-0.0263808899563664779306303961433	12s
2	1	512	1025	0.0496932590493323448042733843913	-0.0239671391546134340275261785416	12s
5	2	256	1282	0.0599250870770832954499722268875	-0.010469755768648505614974093392	20s
3	1	512	1537	0.0545293380893000840786559744865	-0.00504894358872020811759292640322	29s
5	3	256	1283	0.0603351150285151088281961825526	-0.00455586561387830848849795705682	19s
4	1	512	2049	0.0537371585150976329350489988077	0.00747204952837338795171666165991	53s
5	4	256	1284	0.0526241026921756278370091514333	-0.029195322702417157880650797159	20s
3	2	512	1538	0.0550359632981832895703869892737	-0.0234998915738676892539462385048	29s
4	3	512	2051	0.0547395404251505787183791556889	-0.0263664107216924807569460597057	54s
2	1	1024	2049	0.0496932089988049024933640079007	-0.0239317844433070412850238033619	54s
5	1	512	2561	0.0511306810020240995387645530975	0.0159738986021337040630350748784	88s
5	2	512	2562	0.0599253835274128741658967474563	-0.0104614851930780658236161603691	117s
3	1	1024	3073	0.0545294241503787043356028695336	-0.00503376200737831226814600391307	162s
5	3	512	2563	0.0603355751258595744562253772533	-0.00454757948935501675993143952843	118s
4	1	1024	4097	0.0537372545790381761746323902781	0.0074803487892703397438875137631	288s
3	2	1024	3074	0.0550360224668180901549414065036	-0.0234845941967726561136847252132	172s
5	4	512	2564	0.0526246759890130225313557570693	-0.0291861816858367748590541700947	112s
4	3	1024	4099	0.0547396417836536413177649179725	-0.0263579400391167290390137039699	240s
5	1	1024	5121	0.0511307510858132407689303078674	0.0159790935308028890555599917203	345s
5	2	1024	5122	0.0599254430312700579838675014872	-0.0104563122391653608977199725152	348s
5	3	1024	5123	0.0603356758423861862881075678375	-0.00454240416283812977531721501704	353s
5	4	1024	5124	0.0526248083508953780817337502805	-0.0291807931361672842453879430717	353s
