16	32	513	0.0287033659177817700688462566149	0.0371932615762282314703528803955	3s
32	16	513	0.0203700183508922061052756632512	0.0387413694374234325011654389079	3s
32	32	1025	0.0201655271612954208654307772982	0.0386756478966220587242244194222	12s
16	64	1025	0.0286663339240085821440028245096	0.0371664431623941571103013366726	12s
32	64	2049	0.0201076265788238098005396908406	0.0386700835288915651645285534765	50s
16	128	2049	0.0286558999813769346696071871936	0.0371630366606374198926176470877	50s
32	128	4097	0.0200926887751562711025471636533	0.0386708809319511443773522642231	215s
16	256	4097	0.0286531614717136901274198768632	0.0371635367828102542240779282312	217s
32	256	8193	0.0200889316357538775497090538435	0.038671595386253429249572652996	869s
16	512	8193	0.0286524620543197512427540619961	0.0371642877216539694002845171111	877s
