128	0.017042233058145135	-0.04434771826927975
181	0.01743683923161065	-0.04393950603356124
256	0.01771820153250981	-0.04364333607523547
362	0.017918173526548842	-0.043430392569799955
512	0.018060257025413452	-0.0432779059859885
724	0.018160967320174987	-0.04316924234036823
1024	0.018232379760669406	-0.04309190517097477
1448	0.018282923043897063	-0.04303702778694323
2048	0.01831872442006602	-0.04299808670797292
2896	0.01834404375012759	-0.04297051168827915
4096	0.01836196864206147	-0.042950973129592625
5793	0.018374646011141003	-0.042937146433057884
8192	0.01838360839696422	-0.04292736621260789
