1	1	512	513	1.026343954449
2	1	512	1025	1.111422818628
4	1	512	2049	1.123573970067
3	1	512	1537	1.128366567161
4	3	512	2051	1.121568573524
3	2	512	1538	1.125370761356
1	1	1024	1025	1.026378096007
5	1	512	2561	1.113004157685
2	1	1024	2049	1.111427704414
5	2	512	2562	1.144146946374
3	1	1024	3073	1.128367278217
5	3	512	2563	1.146445227074
3	2	1024	3074	1.125373170662
5	4	512	2564	1.113127890617
1	1	2048	2049	1.026396332840
4	1	1024	4097	1.123573907589
2	1	2048	4097	1.111430384238
4	3	1024	4099	1.121570218779
3	1	2048	6145	1.128367567520
5	1	1024	5121	1.113003955663
3	2	2048	6146	1.125374496783
5	2	1024	5122	1.144147477348
5	3	1024	5123	1.146445686394
5	4	1024	5124	1.113129215919
4	1	2048	8193	1.123573814828
4	3	2048	8195	1.121571109164
5	1	2048	10241	1.113003619925
5	2	2048	10242	1.144147377011
5	3	2048	10243	1.146445632696
5	4	2048	10244	1.113129617413
