2	0.04969318290339812532404043529382004428375	-0.02389409684443197885850793019477340251803	0s
4	0.05373728278631037542840992354559822464599	0.007489590647000595035552056001513966467726	0s
8	0.04221375276062248606901429898606838595796	0.02904120845557219516542012752518559040415	0s
16	0.02865222626534839019324423916073190881699	0.03716535126184388934340135487165483478327	0s
24	0.02302022140959258789163691234649682814632	0.0384212016452305801592741013963654941869	0s
32	0.02008767885638788781768876007088349821157	0.0386722792067308967365712529556436339546	0s
48	0.01712133010112864907516392490437462170492	0.03865256660056557034748845284053541112655	1s
64	0.01563693960156385323636647142092985034927	0.03853879531264685382639780161597092116094	2s
96	0.01415806585450609479991393308186746773188	0.03835538835937779202375571916551599692219	8s
128	0.01342219144598089418218208092941877967867	0.03823765308243790520723130092134342767406	18s
192	0.01268948468622996782666681552805183257016	0.0381026661356967101754831568064305951714	60s
256	0.01232450337038025142037064915728676196613	0.03802873775192376061206795051620162177789	147s
