q	phi	primes	seconds	bits_a	bits_X	denom_X	denom_iota_a2	rel_err
2	1	8	0.23	2	1	1	2	0.0
3	2	8	0.00	3	5	1	3	5.3e-44
4	2	8	0.00	4	8	1	2	2.3e-45
5	4	8	0.00	6	12	1	5	7.6e-46
6	2	8	0.00	7	16	1	3	2.2e-46
7	6	8	0.00	9	18	1	7	1.9e-47
8	4	8	0.00	10	22	1	1	1.1e-48
9	6	8	0.00	12	26	1	3	3.1e-49
10	4	8	0.00	14	32	1	5	9.1e-50
11	10	8	0.00	16	35	1	11	5.5e-51
12	4	8	0.00	18	41	1	3	4.1e-52
13	12	8	0.00	20	45	1	13	5.1e-53
14	6	8	0.00	24	51	1	7	5.5e-54
15	8	8	0.00	26	57	1	15	1.0e-54
16	8	8	0.00	28	62	1	1	1.2e-55
17	16	12	0.01	31	67	1	17	1.5e-56
18	6	12	0.00	34	74	1	3	2.1e-57
19	18	12	0.01	36	79	1	19	2.7e-58
20	8	12	0.01	40	86	1	5	1.3e-59
21	12	12	0.01	43	93	1	21	2.9e-60
22	10	12	0.01	46	99	1	11	4.6e-61
23	22	12	0.02	48	104	1	23	3.4e-62
24	8	12	0.01	53	112	1	3	3.6e-63
25	20	12	0.02	55	118	1	5	6.6e-64
26	12	16	0.02	59	126	1	13	2.1e-65
27	18	16	0.02	62	132	1	3	4.6e-66
28	12	16	0.02	66	140	1	7	8.5e-67
29	28	16	0.05	69	146	1	29	8.1e-68
30	8	16	0.01	74	155	1	15	9.8e-69
31	30	16	0.05	76	161	1	31	1.0e-69
32	16	16	0.03	80	169	1	1	6.2e-71
33	20	16	0.03	84	178	1	33	6.2e-72
34	16	16	0.03	88	185	1	17	1.2e-72
35	24	20	0.06	92	192	1	35	2.3e-73
36	12	20	0.04	96	200	1	3	1.5e-74
37	36	20	0.12	98	207	1	37	7.1e-76
38	18	20	0.05	104	216	1	19	2.5e-76
39	24	20	0.07	108	225	1	39	1.4e-77
40	16	20	0.04	112	233	1	5	1.4e-78
41	40	20	0.13	115	240	1	41	1.6e-79
42	12	24	0.04	121	250	1	21	5.3e-81
43	42	24	0.20	123	257	1	43	1.8e-81
44	20	24	0.09	128	266	1	11	4.1e-82
45	24	24	0.10	133	275	1	15	5.3e-84
46	22	24	0.08	136	283	1	23	1.5e-84
47	46	24	0.23	140	290	1	47	3.1e-85
48	16	24	0.07	145	300	1	3	1.3e-86
49	42	24	0.23	149	308	1	7	2.2e-87
50	20	28	0.10	154	318	1	5	1.6e-88
51	32	28	0.17	159	327	1	51	1.4e-89
52	24	28	0.13	163	336	1	13	2.8e-90
53	52	28	0.33	166	344	1	53	2.7e-91
54	18	28	0.12	172	354	1	3	2.3e-92
55	40	28	0.29	176	363	1	55	5.7e-93
56	24	32	0.17	181	372	1	7	4.2e-94
57	36	32	0.35	185	381	1	57	6.8e-96
58	28	32	0.20	190	391	1	29	5.0e-96
59	58	32	0.50	193	399	1	59	1.6e-97
60	16	32	0.13	200	410	1	15	4.4e-98
61	60	32	0.61	203	417	1	61	2.5e-99
62	30	32	0.25	209	428	1	31	9.0e-100
63	36	36	0.36	214	438	1	21	1.3e-100
64	32	36	0.33	217	446	1	1	4.1e-102
65	48	36	0.51	224	457	1	65	8.5e-103
66	20	36	0.18	229	467	1	33	1.4e-103
67	66	36	0.82	232	475	1	67	1.1e-104
68	32	36	0.37	237	486	1	17	1.5e-105
69	44	40	0.53	243	496	1	69	1.3e-106
70	24	40	0.33	248	507	1	35	1.1e-107
71	70	40	0.96	251	514	1	71	5.6e-109
72	24	40	0.30	257	525	1	3	1.3e-109
73	72	40	1.08	261	534	1	73	1.2e-110
74	36	40	0.49	266	545	1	37	9.2e-112
75	40	40	0.52	272	555	1	15	1.1e-112
76	36	44	0.62	276	565	1	19	1.1e-113
77	60	44	1.07	282	575	1	77	2.3e-114
78	24	44	0.37	287	586	1	39	1.5e-115
79	78	44	1.42	291	594	1	79	2.1e-117
80	32	44	0.53	296	605	1	5	1.0e-118
81	54	44	0.98	301	615	1	3	3.0e-118
82	40	48	0.76	307	626	1	41	4.4e-120
83	82	48	1.77	311	635	1	83	2.2e-120
84	24	48	0.42	317	647	1	21	3.7e-121
85	64	48	1.37	322	658	1	85	2.4e-122
86	42	48	0.79	328	668	1	43	2.7e-123
87	56	48	1.30	332	678	1	87	1.6e-124
88	40	52	0.99	338	689	1	11	1.4e-125
89	88	52	2.37	342	698	1	89	5.7e-127
90	24	52	0.59	349	710	1	15	4.3e-127
91	72	52	1.83	354	720	1	91	4.0e-128
92	44	52	1.05	359	731	1	23	3.3e-129
93	60	52	1.53	364	741	1	93	6.2e-131
94	46	56	1.27	370	752	1	47	2.6e-131
95	72	56	2.14	375	762	1	95	3.7e-132
96	32	56	0.92	380	773	1	3	4.6e-133
97	96	56	3.08	384	783	1	97	5.3e-135
98	42	56	1.22	391	795	1	7	3.5e-135
99	60	56	1.82	397	805	1	33	2.9e-136
100	40	60	1.27	402	816	1	5	3.0e-137
101	100	60	3.56	406	826	1	101	1.8e-138
102	32	60	1.05	414	839	1	51	8.1e-140
103	102	60	3.86	417	848	1	103	8.1e-140
104	48	60	1.69	424	860	1	13	3.0e-142
105	48	64	1.76	430	873	1	105	6.9e-142
106	52	64	1.96	435	882	1	53	2.5e-143
107	106	64	4.73	439	892	1	107	1.0e-144
108	36	64	1.35	446	904	1	3	7.5e-145
109	108	64	4.91	450	914	1	109	8.7e-146
110	40	64	1.57	458	927	1	55	4.1e-147
111	72	68	3.52	463	938	1	111	8.0e-148
112	48	68	2.25	468	949	1	7	2.0e-149
113	112	68	5.81	473	959	1	113	1.7e-150
114	36	68	1.65	480	972	1	57	8.0e-151
115	88	68	4.42	485	983	1	115	5.6e-152
116	56	72	2.71	490	994	1	29	1.3e-153
117	72	72	3.56	496	1005	1	39	6.8e-155
118	58	72	2.92	501	1016	1	59	1.2e-154
119	96	72	5.24	508	1027	1	119	5.7e-156
120	32	72	1.57	514	1040	1	15	6.8e-157
121	110	72	6.58	518	1050	1	11	6.6e-158
122	60	76	3.53	524	1062	1	61	8.3e-159
123	80	76	4.59	530	1072	1	123	1.1e-159
124	60	76	3.34	535	1085	1	31	5.6e-161
125	100	76	6.10	541	1095	1	5	7.5e-163
126	36	76	2.08	548	1109	1	21	4.9e-164
127	126	80	8.67	552	1118	1	127	1.5e-163
128	64	80	3.99	558	1130	1	1	7.3e-165
129	84	80	5.63	565	1143	1	129	1.1e-165
130	48	80	2.92	570	1154	1	65	1.6e-166
131	130	80	9.73	575	1164	1	131	1.3e-168
132	40	80	2.65	582	1178	1	33	1.9e-169
133	108	84	8.32	587	1190	1	133	9.0e-170
134	66	84	4.83	593	1201	1	67	6.3e-171
135	72	84	5.51	600	1213	1	15	2.0e-172
136	64	84	4.63	605	1224	1	17	4.9e-173
137	136	84	11.41	610	1235	1	137	2.0e-173
138	44	88	3.29	617	1248	1	69	9.7e-176
139	138	88	11.98	622	1259	1	139	8.2e-176
140	48	88	3.76	629	1272	1	35	9.9e-177
141	92	88	7.78	634	1284	1	141	1.3e-177
142	70	88	5.89	641	1295	1	71	3.9e-179
143	120	92	11.18	646	1307	1	143	1.7e-179
144	48	92	4.25	652	1319	1	3	9.2e-181
145	112	92	11.00	658	1331	1	145	1.1e-181
146	72	92	6.46	664	1343	1	73	1.4e-182
147	84	92	7.69	670	1355	1	21	5.5e-184
148	72	96	6.83	676	1367	1	37	1.3e-184
149	148	96	16.18	681	1378	1	149	2.6e-186
150	40	96	3.74	689	1392	1	15	1.5e-186
151	150	96	16.89	693	1402	1	151	6.1e-188
152	72	96	7.35	700	1415	1	19	1.8e-189
153	96	100	10.29	706	1427	1	51	3.6e-189
154	60	100	6.26	714	1440	1	77	1.9e-191
155	120	100	14.01	719	1451	1	155	5.3e-192
156	48	100	5.08	725	1464	1	39	3.1e-192
157	156	100	19.96	729	1474	1	157	7.5e-194
158	78	100	8.70	737	1487	1	79	2.5e-194
159	104	104	12.71	743	1499	1	159	2.9e-195
160	64	104	7.52	749	1512	1	5	3.6e-197
161	132	104	16.88	755	1525	1	161	3.3e-197
162	54	104	6.37	761	1536	1	3	3.3e-198
163	162	104	21.82	765	1547	1	163	2.0e-199
164	80	108	10.19	773	1560	1	41	3.7e-200
165	80	108	10.23	780	1573	1	165	3.2e-201
166	82	108	10.81	786	1585	1	83	9.2e-203
167	166	108	25.15	790	1596	1	167	1.5e-204
168	48	108	6.17	799	1611	1	21	2.2e-204
169	156	112	24.48	803	1621	1	13	1.6e-205
170	64	112	9.40	812	1635	1	85	2.1e-206
171	108	112	15.92	817	1648	1	57	2.4e-208
172	84	112	12.36	823	1660	1	43	2.8e-208
173	172	112	27.50	827	1671	1	173	2.5e-209
174	56	116	8.39	836	1685	1	87	2.6e-210
175	120	116	19.17	842	1698	1	35	1.5e-211
176	80	116	12.20	847	1710	1	11	1.8e-212
177	116	116	19.03	854	1723	1	177	2.3e-213
178	88	116	13.87	860	1735	1	89	3.1e-215
179	178	120	32.75	865	1746	1	179	1.0e-215
180	48	120	7.80	873	1760	1	15	5.1e-216
181	180	120	34.38	878	1772	1	181	2.4e-217
182	72	120	12.20	886	1786	1	91	7.5e-219
183	120	124	23.09	892	1798	1	183	2.6e-219
184	88	124	16.18	897	1810	1	23	3.5e-221
185	144	124	28.32	904	1823	1	185	3.0e-221
186	60	124	10.90	911	1836	1	93	5.8e-222
187	160	124	32.63	917	1848	1	187	1.3e-223
188	92	128	18.14	923	1861	1	47	1.8e-224
189	108	128	21.72	930	1874	1	21	1.3e-225
190	72	128	13.98	936	1887	1	95	5.0e-227
191	190	128	41.87	941	1898	1	191	1.4e-227
192	64	128	12.61	948	1912	1	3	5.3e-229
193	192	132	44.34	954	1923	1	193	8.1e-229
194	96	132	20.68	960	1937	1	97	2.3e-230
195	96	132	20.86	969	1952	1	195	2.2e-231
196	84	132	18.14	973	1963	1	7	3.7e-232
197	196	132	47.85	979	1975	1	197	2.9e-233
198	60	136	13.50	987	1989	1	33	6.9e-234
199	198	136	51.52	992	2000	1	199	9.0e-235
200	80	136	18.53	999	2014	1	5	2.5e-237
256	128	184	64.28	1368	2754	1	1	2.4e-292
384	128	300	213.04	2277	4573	1	3	1.3e-419
